<?xml version="1.0" encoding="utf-8"?>
<rhubarbResult>
  <metadata>
    <soundFile>bandit_caught3.ogg</soundFile>
    <duration>3.55</duration>
  </metadata>
  <mouthCues>
    <mouthCue start="0.00" end="0.43">X</mouthCue>
    <mouthCue start="0.43" end="0.50">B</mouthCue>
    <mouthCue start="0.50" end="0.56">A</mouthCue>
    <mouthCue start="0.56" end="0.82">C</mouthCue>
    <mouthCue start="0.82" end="0.96">E</mouthCue>
    <mouthCue start="0.96" end="1.24">C</mouthCue>
    <mouthCue start="1.24" end="1.38">H</mouthCue>
    <mouthCue start="1.38" end="1.45">C</mouthCue>
    <mouthCue start="1.45" end="1.66">B</mouthCue>
    <mouthCue start="1.66" end="1.73">C</mouthCue>
    <mouthCue start="1.73" end="1.94">B</mouthCue>
    <mouthCue start="1.94" end="2.02">A</mouthCue>
    <mouthCue start="2.02" end="2.17">D</mouthCue>
    <mouthCue start="2.17" end="2.31">B</mouthCue>
    <mouthCue start="2.31" end="2.38">G</mouthCue>
    <mouthCue start="2.38" end="2.66">C</mouthCue>
    <mouthCue start="2.66" end="2.80">B</mouthCue>
    <mouthCue start="2.80" end="2.94">C</mouthCue>
    <mouthCue start="2.94" end="3.15">B</mouthCue>
    <mouthCue start="3.15" end="3.55">X</mouthCue>
  </mouthCues>
</rhubarbResult>
